Prioridade MoSCoW,ID,Épico/Tema,História de Usuário,Critérios de Aceite,Estimativa,Sprint,Observações,Stakeholder Primário,Valor de Negócio,Dependências,Riscos Técnicos,Definition of Done
MUST HAVE,1,Infraestrutura Base,"Como desenvolvedor, quero ter a estrutura base do sistema de agentes para começar o desenvolvimento","- Estrutura de diretórios criada (ia/agentes/, ia/pipelines/, ia/models/)
- Classe base AgenteBase implementada
- Configuração de logging para agentes
- Testes unitários básicos da estrutura
- Documentação da arquitetura",5,Sprint 3,"Base crítica para todos os desenvolvimentos",Desenvolvedor,Crítico - base para tudo,"Nenhuma","Complexidade da arquitetura","Estrutura criada, Testes passando, Documentação atualizada"
MUST HAVE,2,Integração DJEN,"Como sistema, quero coletar dados do DJEN de forma eficiente para processamento","- Pipeline de coleta do DJEN implementado
- Rate limiting configurado (60 req/min)
- Cache Redis para otimização
- Tratamento de erros e retry logic
- Logs detalhados de coleta",8,Sprint 3,"Fonte de dados principal do sistema",Desenvolvedor,Crítico - dados essenciais,"Estrutura base","API instabilidade, Rate limits","Coleta funcionando, Cache otimizado, Logs completos"
MUST HAVE,3,Modelos de Dados,"Como desenvolvedor, quero ter os modelos de dados estruturados para armazenar análises","- AnaliseJurisprudenciaTese model criado
- AnaliseJurisprudenciaNeutra model criado
- PadroesVaraTribunal model criado
- EstrategiaAntecipatoria model criado
- Migrações e índices otimizados",5,Sprint 3,"Base de dados para todas as análises",Desenvolvedor,Crítico - persistência dados,"Estrutura base","Performance queries, Relacionamentos complexos","Modelos criados, Migrações aplicadas, Índices otimizados"
MUST HAVE,4,Agente Classificador Tese,"Como advogado, quero encontrar apenas julgados que corroborem minha tese específica","- AgenteClassificadorTese implementado
- Algoritmo de classificação favorável/desfavorável
- Score de favorabilidade (0-100%) com explicação
- Identificação de precedentes fortes (STJ, STF)
- Interface para consulta de julgados favoráveis",13,Sprint 3,"MVP - Funcionalidade principal do sistema",Advogado,Alto - elimina julgados desfavoráveis,"Integração DJEN, Modelos de dados","Alucinação LLM, Precisão classificação","Classificação > 90% precisão, Interface funcionando, Testes passando"
MUST HAVE,5,Interface Busca Favorável,"Como usuário, quero uma interface intuitiva para buscar jurisprudência favorável à minha tese","- Formulário de pesquisa com campos específicos
- Lista de julgados favoráveis com filtros
- Score de favorabilidade visível
- Detalhes do julgado com explicação
- Export para PDF/DOCX",8,Sprint 3,"UX crítica para adoção",Advogado,Alto - produtividade usuário,"Agente Classificador Tese","UX complexa, Performance interface","Interface responsiva, Export funcionando, UX aprovada"
MUST HAVE,6,Testes Classificação,"Como desenvolvedor, quero garantir que o sistema de classificação funcione corretamente","- Testes unitários do AgenteClassificadorTese
- Testes de integração com DJEN
- Validação de precisão com dataset real
- Testes de performance (< 3 minutos)
- Testes de interface end-to-end",5,Sprint 3,"Qualidade e confiabilidade",Desenvolvedor,Crítico - confiabilidade sistema,"Agente Classificador Tese, Interface","Precisão insuficiente, Performance lenta","Testes passando, Precisão > 90%, Performance < 3min"
SHOULD HAVE,7,Agente Analisador Neutro,"Como advogado estratégico, quero entender a jurisprudência real sobre um tema sem viés","- AgenteAnalisadorNeutro implementado
- Algoritmo de entendimento majoritário
- Identificação de argumentos pró e contra
- Cálculo de tendência geral (favorável/contrária/neutra)
- Relatório objetivo sem viés",13,Sprint 4,"Análise objetiva da jurisprudência",Advogado Estratégico,Alto - insights estratégicos,"Modelos de dados","Alucinação LLM, Neutralidade análise","Análise neutra funcionando, Relatório objetivo, Precisão > 85%"
SHOULD HAVE,8,Dashboard Análise Neutra,"Como usuário, quero visualizar a análise neutra da jurisprudência de forma clara","- Dashboard com gráficos de tendência
- Visualização de argumentos pró e contra
- Timeline de evolução da jurisprudência
- Filtros por tribunal, período, tema
- Export de relatório em PDF",8,Sprint 4,"Visualização de insights",Advogado Estratégico,Alto - compreensão dados,"Agente Analisador Neutro","Complexidade visualizações, Performance","Dashboard responsivo, Gráficos funcionando, Export OK"
SHOULD HAVE,9,Testes Análise Neutra,"Como desenvolvedor, quero garantir que a análise neutra seja precisa e objetiva","- Testes unitários do AgenteAnalisadorNeutro
- Validação de neutralidade com dataset
- Testes de precisão do entendimento majoritário
- Testes de performance da análise
- Testes de interface do dashboard",5,Sprint 4,"Qualidade da análise neutra",Desenvolvedor,Crítico - confiabilidade análise,"Agente Analisador Neutro, Dashboard","Viés na análise, Performance lenta","Testes passando, Neutralidade validada, Performance OK"
SHOULD HAVE,10,Agente Analisador Vara,"Como advogado experiente, quero analisar padrões de julgamento de uma vara específica","- AgenteAnalisadorVara implementado
- Algoritmo de identificação de padrões por tema
- Geração de perfil do julgador
- Cálculo de tendência geral da vara
- Relatório: 'Sobre o tema X, essa vara decide da seguinte forma...'",13,Sprint 5,"Análise de padrões por órgão",Advogado Experiente,Alto - estratégia personalizada,"Modelos de dados","Complexidade padrões, Performance análise","Padrões identificados, Perfil gerado, Relatório claro"
SHOULD HAVE,11,Interface Padrões Vara,"Como usuário, quero visualizar os padrões de julgamento de uma vara específica","- Interface de seleção de vara/tribunal
- Visualização de padrões por tema
- Gráficos de tendência da vara
- Comparação entre varas
- Export de relatório personalizado",8,Sprint 5,"Visualização de padrões",Advogado Experiente,Alto - insights por órgão,"Agente Analisador Vara","UX complexa, Performance visualizações","Interface funcionando, Gráficos claros, Export OK"
SHOULD HAVE,12,Testes Padrões Vara,"Como desenvolvedor, quero garantir que a análise de padrões seja precisa","- Testes unitários do AgenteAnalisadorVara
- Validação de padrões com dataset real
- Testes de precisão do perfil do julgador
- Testes de performance da análise
- Testes de interface de padrões",5,Sprint 5,"Qualidade da análise de padrões",Desenvolvedor,Crítico - confiabilidade padrões,"Agente Analisador Vara, Interface","Padrões incorretos, Performance lenta","Testes passando, Padrões validados, Performance OK"
SHOULD HAVE,13,Performance e Cache,"Como sistema, quero processar análises de forma eficiente e rápida","- Cache Redis otimizado entre agentes
- Processamento em lotes para grandes volumes
- Otimização de queries do banco
- Compressão de dados para storage
- Monitoramento de performance em tempo real",8,Sprint 6,"Performance crítica para UX",DevOps,Alto - experiência usuário,"Todos os agentes","Performance lenta, Cache ineficiente","Performance < 3min, Cache hit > 80%, Monitoramento OK"
COULD HAVE,14,Agente Estratégico Antecipatório,"Como advogado estratégico, quero antecipar como uma vara específica julgará meu caso","- AgenteEstrategicoAntecipatorio implementado
- Algoritmo de probabilidade de sucesso
- Identificação de riscos específicos da vara
- Geração de estratégia personalizada
- Sugestão de argumentos direcionados",13,Sprint 6,"Predição estratégica",Advogado Estratégico,Alto - maximização sucesso,"Modelos de dados, Casos existentes","Complexidade predição, Precisão algoritmos","Predição funcionando, Estratégia gerada, Argumentos direcionados"
COULD HAVE,15,Interface Estratégia Antecipatória,"Como usuário, quero visualizar a estratégia antecipatória para meu caso específico","- Interface de upload do caso
- Visualização de probabilidade de sucesso
- Lista de riscos identificados
- Estratégia personalizada detalhada
- Argumentos direcionados para a vara",8,Sprint 6,"Visualização de estratégia",Advogado Estratégico,Alto - estratégia personalizada,"Agente Estratégico Antecipatório","UX complexa, Performance predição","Interface funcionando, Estratégia clara, Argumentos úteis"
COULD HAVE,16,Testes Estratégia Antecipatória,"Como desenvolvedor, quero garantir que a predição seja precisa e útil","- Testes unitários do AgenteEstrategicoAntecipatorio
- Validação de predições com casos reais
- Testes de precisão da probabilidade
- Testes de performance da predição
- Testes de interface de estratégia",5,Sprint 6,"Qualidade da predição",Desenvolvedor,Crítico - confiabilidade predição,"Agente Estratégico Antecipatório, Interface","Predição imprecisa, Performance lenta","Testes passando, Predição validada, Performance OK"
COULD HAVE,17,Integração com Processos,"Como usuário, quero que as análises se integrem com meus processos existentes","- Vinculação automática com processos do sistema
- Sincronização de análises com casos
- Histórico de análises por processo
- Notificações de novas análises
- Export integrado com documentos",8,Sprint 7,"Integração com sistema existente",Usuário,Alto - produtividade integrada,"Sistema existente","Complexidade integração, Sincronização","Integração funcionando, Sincronização OK, Notificações ativas"
COULD HAVE,18,Analytics e Métricas,"Como gestor, quero acompanhar o uso e performance do sistema de análises","- Dashboard de métricas de uso
- Relatórios de performance dos agentes
- Análise de satisfação dos usuários
- Métricas de precisão por agente
- Alertas para problemas de performance",5,Sprint 7,"Monitoramento e melhoria",Gestor,Alto - insights operacionais,"Sistema completo","Complexidade métricas, Performance monitoramento","Dashboard funcionando, Métricas coletadas, Alertas ativos"
WON'T HAVE,19,Documentação Técnica Avançada,"Como desenvolvedor, quero ter documentação completa do sistema de agentes","- Documentação da arquitetura dos agentes
- Guias de uso para cada cenário
- API documentation completa
- Exemplos de uso e casos de teste
- Guia de manutenção e troubleshooting",5,Sprint 8,"Manutenibilidade e suporte",Desenvolvedor,Médio - manutenção sistema,"Sistema completo","Documentação desatualizada, Complexidade técnica","Documentação completa, Exemplos funcionando, Guias úteis"
WON'T HAVE,20,Documentação de Usuário Avançada,"Como usuário, quero ter guias claros para usar o sistema de análises","- Guia de uso para cada cenário
- Tutoriais em vídeo
- FAQ com perguntas comuns
- Casos de uso práticos
- Suporte técnico integrado",5,Sprint 8,"Adoção e satisfação",Usuário,Médio - facilidade uso,"Sistema completo","Documentação confusa, Suporte insuficiente","Guias claros, Tutoriais úteis, FAQ completo"
